Datum;Zuletzt;Eröffn.;Hoch;Tief;Vol.;+/- %
23.02.2025;22,51;22,2;22,6;22,2;869,30K;2,09%
16.02.2025;22,05;21,24;22,22;20,98;15,08M;3,16%
09.02.2025;21,38;20,97;21,68;20,25;16,77M;2,05%
02.02.2025;20,94;21,2;21,41;20,74;13,98M;-3,21%
26.01.2025;21,64;20,9;21,97;20,56;18,61M;3,57%
19.01.2025;20,9;21,26;21,51;20,78;15,76M;-1,18%
12.01.2025;21,15;20;21,25;19,47;21,41M;5,82%
05.01.2025;19,98;19,14;20,42;19,07;19,30M;5,22%
29.12.2024;18,99;19,16;19,5;18,92;7,89M;-1,51%
22.12.2024;19,28;18,82;19,33;18,64;6,52M;1,83%
15.12.2024;18,94;19,64;19,78;18,57;23,46M;-4,17%
08.12.2024;19,76;20,48;20,55;19,73;15,67M;-1,27%
01.12.2024;20,01;19,3;20,3;18,93;18,57M;3,23%
24.11.2024;19,39;19,95;20,12;18,41;26,06M;-2,09%
17.11.2024;19,8;20,45;20,63;18,97;24,89M;-2,48%
10.11.2024;20,31;24,28;24,6;19,4;48,84M;-15,68%
03.11.2024;24,08;25,05;25,39;23,62;14,51M;-4,06%
27.10.2024;25,1;25,89;26,25;24,7;14,25M;-2,52%
20.10.2024;25,75;26,3;26,51;25,53;11,08M;-2,37%
13.10.2024;26,38;26,41;26,8;25,96;16,34M;0,42%
06.10.2024;26,26;29,8;29,86;26,13;25,78M;-11,88%
29.09.2024;29,81;30,56;31,03;29,67;12,58M;-1,91%
22.09.2024;30,39;28,73;30,52;28,46;15,04M;6,02%
15.09.2024;28,66;27,08;29,08;26,5;20,21M;6,23%
08.09.2024;26,98;29,05;29,25;26,69;13,43M;-6,68%
01.09.2024;28,91;28,22;29,89;27,38;15,50M;3,75%
25.08.2024;27,86;27,9;28,3;27,33;2,22M;0,00%
18.08.2024;27,86;29,27;29,58;27,67;1,62M;-3,91%
11.08.2024;29;26,02;29,74;25,7;12,46M;11,69%
04.08.2024;25,97;27,2;27,63;25,32;2,11M;-5,08%
28.07.2024;27,35;27,75;28,08;27,07;2,92M;-0,40%
21.07.2024;27,47;26,52;27,73;26,25;2,47M;4,59%
14.07.2024;26,26;26,8;27,3;25,85;3,70M;-2,51%
07.07.2024;26,93;26;27,05;25,3;3,19M;2,94%
30.06.2024;26,17;26,83;26,95;25,05;1,72M;-0,82%
23.06.2024;26,38;26,02;26,92;25,8;2,91M;1,46%
16.06.2024;26;27,06;27,06;25,46;17,79M;-3,93%
09.06.2024;27,07;27,9;28,08;26,88;15,67M;-3,65%
02.06.2024;28,09;28,28;29,28;27,75;15,30M;-0,53%
26.05.2024;28,24;27,5;28,37;26,92;18,78M;2,21%
19.05.2024;27,63;28,85;28,96;27,09;13,78M;-3,32%
12.05.2024;28,58;29;30,41;28,41;21,75M;-1,30%
05.05.2024;28,95;28,1;29,26;27,92;13,05M;3,34%
28.04.2024;28,02;27,52;28,82;27,27;13,99M;2,26%
21.04.2024;27,4;26,75;27,7;26,72;18,99M;4,08%
14.04.2024;26,33;26,71;26,85;25,61;16,75M;-2,37%
07.04.2024;26,97;27,45;28,37;26,9;20,47M;-1,71%
31.03.2024;27,43;28,62;28,94;27,33;17,49M;-3,50%
24.03.2024;28,43;26,7;28,63;26,52;17,40M;6,30%
17.03.2024;26,75;26,06;26,94;25,71;18,37M;1,94%
10.03.2024;26,24;26,13;26,98;25,74;25,34M;-0,15%
03.03.2024;26,27;28,55;28,64;24,96;42,13M;-7,25%
25.02.2024;28,33;28,75;29,35;27,4;20,74M;-1,68%
18.02.2024;28,82;28,57;29,27;28,25;23,44M;0,72%
11.02.2024;28,61;27,82;28,96;27,43;18,78M;2,97%
04.02.2024;27,78;28,73;29,34;27,4;23,28M;-3,15%
28.01.2024;28,69;31,12;31,39;28,24;36,94M;-11,22%
21.01.2024;32,31;32,51;33,13;31,69;14,65M;-0,23%
14.01.2024;32,39;34,43;34,49;32,03;18,63M;-5,43%
07.01.2024;34,25;35,9;36,09;33,79;18,57M;-2,75%
31.12.2023;35,22;33,79;35,44;33,72;15,41M;4,73%
24.12.2023;33,63;33;33,85;32,99;9,23M;2,83%
17.12.2023;32,71;32,05;32,89;31,35;18,93M;1,87%
10.12.2023;32,1;31,92;32,39;30,81;24,51M;0,66%
03.12.2023;31,9;31;32,56;30,45;20,87M;2,52%
26.11.2023;31,11;32,46;32,6;30,22;28,80M;-4,70%
19.11.2023;32,65;37,9;37,94;32,24;66,61M;-21,24%
12.11.2023;41,45;40,29;41,59;39,56;14,75M;3,23%
05.11.2023;40,15;42,16;42,58;40,08;17,20M;-4,53%
29.10.2023;42,06;40,26;42,36;40,06;10,67M;3,83%
22.10.2023;40,51;41,58;41,62;40,25;11,49M;-2,33%
15.10.2023;41,47;43,68;43,71;41,33;12,61M;-4,79%
08.10.2023;43,56;43,79;45,46;43,29;10,23M;-1,17%
01.10.2023;44,08;45,56;45,76;43,56;10,86M;-3,03%
24.09.2023;45,45;47,44;47,47;44,97;12,62M;-4,60%
17.09.2023;47,64;49,3;49,42;47,18;8,63M;-3,56%
10.09.2023;49,4;50,55;51,32;47,88;15,57M;-1,57%
03.09.2023;50,19;50,95;51,25;49,85;6,46M;-1,34%
27.08.2023;50,87;50,28;51,1;49,97;7,35M;1,64%
20.08.2023;50,05;50,35;50,88;49,74;6,20M;-0,54%
13.08.2023;50,32;52,6;52,92;50,04;7,92M;-4,28%
06.08.2023;52,57;51,5;53,32;51,16;10,47M;1,84%
30.07.2023;51,62;52,5;53,8;51,11;9,00M;-1,49%
23.07.2023;52,4;51,69;52,54;49,82;11,69M;0,89%
16.07.2023;51,94;50,47;52,21;50,1;10,08M;3,24%
09.07.2023;50,31;49,88;50,78;49,37;12,73M;3,18%
02.07.2023;48,76;51,05;51,42;48,28;10,19M;-3,77%
25.06.2023;50,67;50,69;51,03;49,47;10,88M;0,34%
18.06.2023;50,5;52,3;52,42;50,17;8,65M;-3,50%
11.06.2023;52,33;51,25;52,69;50,8;12,82M;2,31%
04.06.2023;51,15;52,81;52,81;50,89;7,23M;-2,78%
28.05.2023;52,61;54,5;54,95;51,46;10,58M;-3,29%
21.05.2023;54,4;54,58;54,69;53;9,98M;-0,35%
14.05.2023;54,59;54,1;54,76;52,19;12,90M;1,60%
07.05.2023;53,73;58,51;58,64;53,48;18,53M;-8,47%
30.04.2023;58,7;57,7;58,7;56,69;8,23M;-1,77%
23.04.2023;59,76;60,76;60,81;58,91;9,21M;-1,53%
16.04.2023;60,69;61,4;61,91;59,77;8,66M;-1,09%
09.04.2023;61,36;60,74;61,55;59,35;7,27M;1,32%
02.04.2023;60,56;58,75;60,75;58,6;6,01M;3,13%
26.03.2023;58,72;56,1;59;55,7;9,14M;5,71%
19.03.2023;55,55;55,8;57,53;54,8;10,21M;-0,47%
12.03.2023;55,81;57,61;57,73;55,18;17,49M;-3,28%
05.03.2023;57,7;57,61;58,77;56,83;10,24M;0,17%
26.02.2023;57,6;59,1;59,54;55,4;17,91M;-1,74%
19.02.2023;58,62;59,44;60,29;58,54;11,32M;-0,85%
12.02.2023;59,12;58,7;60,91;58,56;10,98M;0,54%
05.02.2023;58,8;56,5;65,66;56,11;22,71M;3,74%
29.01.2023;56,68;56,28;57,25;56,03;10,71M;0,71%
22.01.2023;56,28;56,64;56,68;55,1;8,67M;-0,20%
15.01.2023;56,39;57,8;57,87;55,44;11,05M;-1,78%
08.01.2023;57,41;50,79;57,8;50,59;22,68M;13,57%
01.01.2023;50,55;48,58;50,57;48,47;11,13M;4,60%
25.12.2022;48,33;48,9;49,28;48,31;5,01M;-0,61%
18.12.2022;48,62;48,64;49,63;48,35;10,93M;0,12%
11.12.2022;48,56;52,52;53,2;48,44;19,97M;-8,17%
04.12.2022;52,88;54,12;54,18;52,25;10,87M;-3,57%
27.11.2022;54,84;55,48;56,39;54,16;11,82M;-1,10%
20.11.2022;55,45;53,48;55,8;53,48;9,16M;3,09%
13.11.2022;53,79;50,17;53,94;49,96;14,48M;7,17%
06.11.2022;50,19;53,78;54,63;49,55;22,36M;-6,85%
30.10.2022;53,88;52,86;54,35;52,47;7,79M;2,24%
23.10.2022;52,7;50,19;53,12;50,07;8,63M;5,40%
16.10.2022;50;48,81;50,68;48,62;9,16M;2,04%
09.10.2022;49;47,1;49,9;47,04;11,81M;3,33%
02.10.2022;47,42;47,07;49,33;46,7;11,24M;0,00%
25.09.2022;47,42;49,8;49,83;47,01;14,37M;-4,36%
18.09.2022;49,58;51,99;53,04;49,43;9,50M;-5,19%
11.09.2022;52,29;53;55,94;52,05;13,84M;-1,10%
04.09.2022;52,87;51,18;53,28;50,22;11,81M;0,46%
28.08.2022;52,63;52,58;53,22;50,31;17,02M;-1,99%
21.08.2022;53,7;54,39;55,12;52,49;10,71M;-1,29%
14.08.2022;54,4;54,03;55;53,14;11,07M;0,46%
07.08.2022;54,15;53,51;54,29;51,36;17,36M;1,63%
31.07.2022;53,28;56,97;59,41;53,26;15,62M;-6,53%
24.07.2022;57;56,62;58,43;56,46;9,76M;0,37%
17.07.2022;56,79;55,9;59,36;55,02;12,43M;2,09%
10.07.2022;55,63;57,1;57,25;54,23;11,74M;-3,80%
03.07.2022;57,83;57,94;58,08;55,23;12,17M;0,84%
26.06.2022;57,35;57,1;60,44;55,75;15,62M;-0,76%
19.06.2022;57,79;62,89;64,37;56,72;22,21M;-7,61%
12.06.2022;62,55;62,75;64,61;60,77;20,47M;-1,59%
05.06.2022;63,56;66,31;67,24;63,27;12,53M;-3,87%
29.05.2022;66,12;66,65;67,49;65,32;12,77M;-0,69%
22.05.2022;66,58;64,4;66,6;63,29;12,98M;4,46%
15.05.2022;63,74;61,5;64,55;60,78;14,49M;3,57%
08.05.2022;61,54;59,82;62,51;55,28;28,89M;2,81%
01.05.2022;59,86;60,6;62;59,48;15,77M;-4,83%
24.04.2022;62,9;65,1;65,7;61,13;21,91M;-4,96%
17.04.2022;66,18;66,19;67,26;63,74;15,91M;-1,66%
10.04.2022;67,3;66,42;67,99;66,38;15,66M;0,69%
03.04.2022;66,84;65;66,84;64,36;20,86M;6,06%
27.03.2022;63,02;61,61;63,17;60,72;18,26M;3,96%
20.03.2022;60,62;57,9;60,95;57,75;16,57M;4,50%
13.03.2022;58,01;56,23;58,01;54,61;21,78M;4,77%
06.03.2022;55,37;49,68;56,11;48,67;29,92M;8,21%
27.02.2022;51,17;51,3;54,75;50,77;28,64M;-3,23%
20.02.2022;52,88;54,5;54,79;50,09;25,46M;-2,07%
13.02.2022;54;52,85;55,74;51,85;18,26M;-0,22%
06.02.2022;54,12;52,87;55,02;52,42;14,65M;2,85%
30.01.2022;52,62;54,24;54,59;52,51;18,37M;-0,40%
23.01.2022;52,83;51,29;52,83;49,89;16,83M;2,34%
16.01.2022;51,62;52,92;53,04;51,1;14,61M;-1,84%
09.01.2022;52,59;48,97;52,64;48,85;20,85M;7,79%
02.01.2022;48,79;47,38;48,81;47,2;12,92M;3,81%
26.12.2021;47;46,5;47,38;46,47;5,79M;0,80%
19.12.2021;46,63;45,68;46,72;44,6;10,21M;0,21%
12.12.2021;46,53;46,81;48,08;45,53;19,70M;-0,18%
05.12.2021;46,61;44,58;47,15;43,9;16,72M;5,32%
28.11.2021;44,26;45,94;46,01;44,01;19,87M;-2,82%
21.11.2021;45,54;48,42;48,94;45,45;15,91M;-5,39%
14.11.2021;48,13;50,8;51,03;48,01;13,02M;-5,23%
07.11.2021;50,79;49,83;51,84;49,74;13,06M;2,14%
31.10.2021;49,72;49;50,82;48,96;11,60M;2,17%
24.10.2021;48,67;48,44;49,26;48,17;10,86M;0,72%
17.10.2021;48,32;47,92;48,53;45,69;13,32M;0,91%
10.10.2021;47,88;48;49,1;46,69;14,18M;0,28%
03.10.2021;47,75;46,26;47,97;45,76;12,96M;2,60%
26.09.2021;46,54;46,85;47,85;46,23;12,47M;0,10%
19.09.2021;46,49;44,9;46,83;44,47;12,10M;2,84%
12.09.2021;45,21;45,95;46,5;45,06;13,68M;-1,23%
05.09.2021;45,78;47,71;47,9;44,66;13,26M;-3,58%
29.08.2021;47,47;47,39;48,17;46,92;9,80M;0,35%
22.08.2021;47,31;47,74;48,24;46,95;7,86M;-0,21%
15.08.2021;47,41;47,72;48,04;46,85;10,96M;-0,80%
08.08.2021;47,79;47,26;48,3;46,47;14,42M;1,64%
01.08.2021;47,02;50,5;50,83;46,04;28,65M;-6,50%
25.07.2021;50,29;51,12;51,7;49,99;13,42M;-1,78%
18.07.2021;51,2;50,64;51,64;49,01;11,96M;1,05%
11.07.2021;50,67;50,59;51,43;50,1;11,02M;-0,31%
04.07.2021;50,83;51,5;51,57;49,83;11,90M;-1,24%
27.06.2021;51,47;51,68;52,64;50,87;9,45M;-0,62%
20.06.2021;51,79;52,5;52,69;49,69;14,89M;-1,82%
13.06.2021;52,75;53,48;54;52,6;13,91M;-1,35%
06.06.2021;53,47;52,61;53,77;52,12;11,33M;1,54%
30.05.2021;52,66;52,2;52,67;51,21;12,78M;0,80%
23.05.2021;52,24;56,39;56,4;52,07;16,36M;-6,70%
16.05.2021;55,99;56,13;57,33;54,77;15,76M;-1,88%
09.05.2021;57,06;54,05;57,73;52,9;19,70M;5,41%
02.05.2021;54,13;54,01;54,26;52,18;13,33M;0,58%
25.04.2021;53,82;54,94;55,3;52,36;15,91M;-1,30%
18.04.2021;54,53;54,1;56,14;53,89;19,84M;0,98%
11.04.2021;54;53,5;54,15;52,57;16,13M;1,24%
04.04.2021;53,34;53,4;54,26;53,01;11,74M;0,21%
28.03.2021;53,23;53,58;54,21;52,93;11,28M;0,04%
21.03.2021;53,21;53,52;54,3;52,88;12,89M;-0,36%
14.03.2021;53,4;53,14;54,28;52,41;17,82M;0,85%
07.03.2021;52,95;52;55,29;51,72;21,31M;2,64%
28.02.2021;51,59;50,73;53,03;50,71;15,18M;2,93%
21.02.2021;50,12;53,67;55,48;50,01;24,08M;-7,03%
14.02.2021;53,91;54,4;55,28;52,57;12,98M;-0,07%
07.02.2021;53,95;56,84;56,84;53,24;14,17M;-3,32%
31.01.2021;55,8;50,38;56,67;49,9;21,30M;11,79%
24.01.2021;49,92;52,84;52,9;49,56;18,86M;-4,67%
17.01.2021;52,36;51,92;54,8;51,5;14,93M;0,21%
10.01.2021;52,25;51,42;53,16;50,3;18,46M;1,46%
03.01.2021;51,5;49;53,29;48,98;21,90M;6,95%
27.12.2020;48,15;49,1;49,37;48,15;5,65M;-0,05%
20.12.2020;48,18;48,41;48,78;46,62;9,24M;-1,77%
13.12.2020;49,05;46,7;50,14;46,59;21,94M;5,61%
06.12.2020;46,44;48;48,01;46,32;14,84M;-2,79%
29.11.2020;47,78;49,4;49,46;47,37;17,61M;-3,49%
22.11.2020;49,51;48;49,69;47,46;15,56M;3,37%
15.11.2020;47,9;48,31;49,18;46,26;17,99M;0,43%
08.11.2020;47,69;43,21;48,14;42,73;29,28M;11,57%
01.11.2020;42,74;40,87;44,26;40,34;23,59M;5,91%
25.10.2020;40,36;42,25;43,27;39,91;24,89M;-4,87%
18.10.2020;42,42;44,9;45,17;41,51;18,10M;-5,32%
11.10.2020;44,81;46,79;47;43,18;21,57M;-4,11%
04.10.2020;46,73;45,7;47,17;44,97;22,47M;3,99%
27.09.2020;44,94;54,5;54,7;43,87;39,33M;-15,96%
20.09.2020;53,47;56,93;56,98;53,05;15,55M;-6,55%
13.09.2020;57,22;55,92;57,7;55,03;17,95M;3,30%
06.09.2020;55,39;54,7;56,61;54,18;13,32M;2,04%
30.08.2020;54,28;55,42;57,22;53,9;16,32M;-1,36%
23.08.2020;55,03;56,91;59,55;54,5;14,03M;-2,31%
16.08.2020;56,33;56,81;57,97;56,1;10,12M;-1,11%
09.08.2020;56,96;56,35;58,25;55,82;11,33M;1,77%
02.08.2020;55,97;56,76;58,76;55,06;17,51M;-0,48%
26.07.2020;56,24;60,12;60,14;56,08;16,35M;-7,33%
19.07.2020;60,69;62,5;63,58;60,23;15,93M;-3,67%
12.07.2020;63;64,49;64,76;62,8;14,19M;-1,10%
05.07.2020;63,7;67,88;68,12;62,29;16,31M;-4,47%
28.06.2020;66,68;66,29;67,54;65,18;16,50M;-0,16%
21.06.2020;66,79;68,87;73,63;66,46;29,23M;-3,79%
14.06.2020;69,42;63,69;69,63;63,19;24,75M;6,42%
07.06.2020;65,23;65,9;69,02;62,72;21,28M;-1,39%
31.05.2020;66,15;62,84;66,28;62,66;21,29M;8,94%
24.05.2020;60,72;60,03;63,04;59,65;21,08M;5,33%
17.05.2020;57,65;57,81;61,04;57,1;15,62M;1,59%
10.05.2020;56,75;58,2;58,7;55,37;15,17M;-2,14%
03.05.2020;57,99;58,4;59,59;57,61;15,64M;-3,57%
26.04.2020;60,14;61,5;64,3;59,87;19,96M;1,01%
19.04.2020;59,54;59,26;60,67;57,37;15,05M;1,66%
12.04.2020;58,57;58,4;59,93;56,41;14,94M;1,91%
05.04.2020;57,47;55;59,33;54,65;16,21M;8,37%
29.03.2020;53,03;51,32;55,43;49,88;20,55M;4,66%
22.03.2020;50,67;48,1;53,18;46,58;31,52M;1,14%
15.03.2020;50,1;46;53,2;44,85;47,22M;4,27%
08.03.2020;48,05;59;60,54;46,6;47,24M;-24,66%
01.03.2020;63,78;66,08;67,47;63,04;27,23M;-2,19%
23.02.2020;65,21;72,97;73,14;63,16;35,79M;-11,99%
16.02.2020;74,09;75,1;76,04;73,79;10,85M;-4,24%
09.02.2020;77,37;77,81;78,12;76,49;9,27M;-0,33%
02.02.2020;77,63;73,48;78,34;73,11;12,92M;6,27%
26.01.2020;73,05;74,48;75,73;73,05;14,39M;-2,92%
19.01.2020;75,25;75,41;76,99;73,97;11,20M;0,00%
12.01.2020;75,25;75,51;76,11;74,28;10,52M;-0,15%
05.01.2020;75,36;72,22;75,98;70,35;12,39M;3,83%
29.12.2019;72,58;72,86;73,67;72,05;5,53M;-0,86%
22.12.2019;73,21;72;74,36;71,96;5,53M;2,39%
15.12.2019;71,5;71,42;72;69,74;19,10M;0,69%
08.12.2019;71,01;69,13;71,6;67,51;12,48M;2,65%
01.12.2019;69,18;68,76;70,44;67,05;12,83M;0,70%
24.11.2019;68,7;69,2;69,93;68,4;10,64M;0,25%
17.11.2019;68,53;70,5;71,3;67,98;12,80M;-2,70%
10.11.2019;70,43;70,36;71,2;69,59;9,88M;-0,28%
03.11.2019;70,63;70,2;72,28;69,93;14,18M;1,04%
27.10.2019;69,9;66,3;70,28;65,74;15,67M;5,05%
20.10.2019;66,54;65,22;67,85;64,2;11,42M;1,99%
13.10.2019;65,24;65,18;67,22;64,51;15,08M;0,03%
06.10.2019;65,22;64,05;65,22;61,5;15,82M;4,72%
29.09.2019;62,28;64,71;65,27;60,62;15,78M;-3,71%
22.09.2019;64,68;66,77;67,09;64,4;11,67M;-3,79%
15.09.2019;67,23;67,5;68,41;66,1;15,51M;-1,22%
08.09.2019;68,06;67,15;69,89;66,71;13,97M;1,60%
01.09.2019;66,99;67,56;68,17;65,83;11,74M;-0,52%
25.08.2019;67,34;66,27;67,86;65,98;12,52M;1,13%
18.08.2019;66,59;65,48;68,11;65,45;16,26M;3,06%
11.08.2019;64,61;65;65,89;62,16;17,46M;-0,03%
04.08.2019;64,63;57,4;70,04;55,4;31,14M;11,43%
28.07.2019;58;59,9;60,69;56,52;22,82M;-3,17%
21.07.2019;59,9;59,54;61,42;58,88;13,32M;0,59%
14.07.2019;59,55;58,85;60,13;58,1;12,06M;1,22%
07.07.2019;58,83;60,55;60,94;58,77;12,46M;-3,10%
30.06.2019;60,71;61,5;62,19;60,35;12,17M;-0,38%
23.06.2019;60,94;55,06;61,45;54,25;22,55M;11,16%
16.06.2019;54,82;52,79;56,22;52,08;22,12M;3,73%
09.06.2019;52,85;52,51;54,38;52,51;10,75M;-0,04%
02.06.2019;52,87;52,5;55,02;52,02;15,01M;0,09%
26.05.2019;52,82;54,29;55,58;52,37;13,58M;-2,00%
19.05.2019;53,9;56,85;56,86;53,6;13,93M;-5,36%
12.05.2019;56,95;57,3;57,32;53,65;19,45M;-1,03%
05.05.2019;57,54;60,9;61,68;56,99;17,58M;-7,00%
28.04.2019;61,87;59,2;62,45;59,05;15,96M;0,54%
21.04.2019;61,54;61,11;62,92;60,05;17,59M;0,62%
14.04.2019;61,16;61,58;62,6;60,74;13,27M;-0,42%
07.04.2019;61,42;61,36;62,02;59,67;13,18M;-0,08%
31.03.2019;61,47;57,18;61,66;57,15;15,54M;6,72%
24.03.2019;57,6;58,44;58,44;54,48;31,67M;-2,87%
17.03.2019;59,3;67,81;69,96;59,2;30,83M;-12,47%
10.03.2019;67,75;69,64;69,88;66,44;20,79M;-2,50%
03.03.2019;69,49;72;73,17;69,05;13,20M;-2,72%
24.02.2019;71,43;67,17;71,93;66,23;17,51M;6,61%
17.02.2019;67;68;68,97;67;10,09M;-1,72%
10.02.2019;68,17;66,45;68,77;65,09;13,08M;2,98%
03.02.2019;66,2;67,2;69,37;65,8;14,01M;-1,15%
27.01.2019;66,97;67,46;67,6;64,89;13,07M;-1,24%
20.01.2019;67,81;66,5;68,46;64,72;12,53M;1,97%
13.01.2019;66,5;65,25;66,5;63,14;13,31M;1,22%
06.01.2019;65,7;65,01;67,16;63,47;15,36M;1,23%
30.12.2018;64,9;59,7;65,05;59,43;10,89M;7,17%
23.12.2018;60,56;61,72;62,14;58,34;6,10M;-1,35%
16.12.2018;61,39;63,78;64,71;59,61;24,07M;-3,11%
09.12.2018;63,36;64,19;64,8;60,27;20,72M;-0,11%
02.12.2018;63,43;66;67,5;61,85;22,04M;-1,78%
25.11.2018;64,58;63,38;66,75;62,91;19,41M;2,82%
18.11.2018;62,81;62,82;63,23;60,95;13,43M;0,35%
11.11.2018;62,59;71,52;71,72;61,66;24,17M;-11,85%
04.11.2018;71;70,24;71,92;69,59;11,31M;1,52%
28.10.2018;69,94;66,5;71,76;66,38;17,73M;5,73%
21.10.2018;66,15;78,01;78,13;64,83;29,40M;-14,74%
14.10.2018;77,59;76,34;79,47;76,28;15,30M;1,96%
07.10.2018;76,1;74,4;79,95;73,41;22,50M;1,93%
30.09.2018;74,66;76,79;77,1;73,73;11,57M;-2,42%
23.09.2018;76,51;76,99;78,93;75,06;19,50M;-0,01%
16.09.2018;76,52;71,98;76,99;71,16;23,14M;6,54%
09.09.2018;71,82;73,22;73,73;69,4;23,07M;-2,27%
02.09.2018;73,49;80,77;80,95;71,66;22,47M;-8,57%
26.08.2018;80,38;82;82,95;80,38;13,93M;-1,87%
19.08.2018;81,91;79,5;84,38;79,21;19,76M;4,48%
12.08.2018;78,4;84,5;86,3;75,5;46,48M;-16,02%
05.08.2018;93,36;95,54;97,03;93,11;9,36M;-2,02%
29.07.2018;95,28;95,7;96;93,93;10,03M;-1,02%
22.07.2018;96,26;92,49;96,94;91,8;12,16M;4,57%
15.07.2018;92,05;93,15;93,97;91,48;13,58M;-1,43%
08.07.2018;93,39;94,22;95,58;91,94;11,84M;-0,38%
01.07.2018;93,75;93,75;96,09;92,9;12,23M;-0,64%
24.06.2018;94,35;98,35;98,82;93,33;15,93M;-4,54%
17.06.2018;98,84;99,72;99,9;96;15,08M;-1,24%
10.06.2018;100,08;98,21;101,34;95,66;38,26M;1,67%
03.06.2018;98,44;102,78;102,98;97,02;21,50M;-3,22%
27.05.2018;101,72;99,39;102,19;96,65;18,87M;0,60%
20.05.2018;101,11;103,23;103,74;100,06;11,64M;-1,55%
13.05.2018;102,7;100,67;103,23;100,28;11,36M;2,21%
06.05.2018;100,48;100,04;101,32;99,06;8,83M;0,22%
29.04.2018;100,26;96,44;100,26;96,36;10,52M;3,82%
22.04.2018;96,57;97,46;97,67;94,93;11,05M;-0,88%
15.04.2018;97,43;97,65;99,61;96,02;15,00M;0,35%
08.04.2018;97,08;92,2;97,96;91,16;16,21M;5,38%
01.04.2018;92,12;89,53;93,03;88,19;11,98M;1,98%
25.03.2018;90,33;89,45;91,19;87,4;12,68M;1,59%
18.03.2018;88,91;93,93;94,12;88,49;16,62M;-5,43%
11.03.2018;94,02;96,47;96,79;92,33;20,39M;-2,32%
04.03.2018;96,25;90,43;96,96;90,05;15,15M;5,52%
25.02.2018;91,22;97,23;98,07;90,98;18,66M;-5,34%
18.02.2018;96,36;97,26;97,68;95,59;10,08M;-0,63%
11.02.2018;96,97;95,87;97,13;94,25;16,13M;2,50%
04.02.2018;94,61;99,59;99,63;93,21;22,96M;-5,75%
28.01.2018;100,38;105,04;105,2;100,1;13,26M;-4,76%
21.01.2018;105,4;102,8;108,47;102,66;15,96M;2,90%
14.01.2018;102,42;103,11;103,33;101,3;11,84M;-0,74%
07.01.2018;103,19;107,74;107,86;102,42;11,89M;-3,10%
31.12.2017;106,5;101,46;107,66;100,63;13,89M;4,06%
24.12.2017;102,35;103,82;104,61;102;3,83M;-1,38%
17.12.2017;103,77;105,49;107,07;103,03;9,85M;-0,99%
10.12.2017;104,81;103,23;105,3;102,89;14,94M;1,72%
03.12.2017;103,03;106,28;106,53;102,05;10,71M;-1,51%
26.11.2017;104,61;105,74;108;104,26;10,99M;-1,35%
19.11.2017;106,04;105,4;108,55;105,35;8,96M;0,19%
12.11.2017;105,84;107,96;108,4;105,15;9,28M;-2,05%
05.11.2017;108,05;114,3;115,48;107,46;10,71M;-5,34%
29.10.2017;114,16;109,97;114,3;109,53;8,85M;3,85%
22.10.2017;109,92;116,07;116,37;108,55;13,30M;-5,30%
15.10.2017;116,07;117,11;118,04;115,34;8,76M;-0,17%
08.10.2017;116,27;115,29;117,35;114,45;6,78M;0,81%
01.10.2017;115,34;113,81;116,91;112,53;8,70M;1,65%
24.09.2017;113,47;108,59;113,47;108,35;9,27M;4,72%
17.09.2017;108,35;109,19;109,38;107,46;6,25M;-0,14%
10.09.2017;108,5;107,46;110,17;107,27;12,72M;1,47%
03.09.2017;106,92;105,69;108,25;104,81;7,11M;0,28%
27.08.2017;106,63;106,33;108,05;104,26;7,70M;-0,60%
20.08.2017;107,27;105,84;107,76;104,26;7,53M;1,02%
13.08.2017;106,18;104,81;107,17;104,61;7,40M;2,08%
06.08.2017;104,02;105,4;106,04;102,05;8,99M;-1,21%
30.07.2017;105,3;106,09;106,58;103,82;8,55M;-0,65%
23.07.2017;105,99;108,99;110,91;104,76;12,63M;-2,97%
16.07.2017;109,23;111,01;111,79;107,71;10,49M;-1,55%
09.07.2017;110,96;108,74;111,79;108,15;8,33M;2,55%
02.07.2017;108,2;110,32;112,04;107,91;11,58M;-2,87%
25.06.2017;111,4;120,16;120,75;109,78;13,09M;-7,14%
18.06.2017;119,96;121,73;121,93;118,78;7,88M;-0,73%
11.06.2017;120,85;117,4;121,58;116,57;15,94M;3,15%
04.06.2017;117,16;119,08;119,47;115,29;7,19M;-2,10%
28.05.2017;119,67;114,84;120,06;114,16;8,50M;4,20%
21.05.2017;114,84;115,14;116,52;114,25;7,18M;-0,21%
14.05.2017;115,09;115,34;115,88;113,22;10,50M;0,17%
07.05.2017;114,89;113,71;114,94;112,73;8,29M;1,43%
30.04.2017;113,27;109,68;113,27;108,3;9,18M;1,32%
23.04.2017;111,79;105,54;112,29;105,25;15,96M;7,98%
16.04.2017;103,53;105,3;105,54;102,15;8,21M;-1,27%
09.04.2017;104,86;106,28;106,28;103,48;6,49M;-0,88%
02.04.2017;105,79;106,87;107,22;105,25;7,48M;-0,51%
26.03.2017;106,33;104,31;106,33;104,22;8,55M;0,98%
19.03.2017;105,3;104,56;106,23;102,84;7,89M;0,14%
12.03.2017;105,15;105,2;106,28;104,41;10,62M;0,09%
05.03.2017;105,05;104,66;105,74;103,63;7,86M;0,09%
26.02.2017;104,95;103,08;104,95;101,9;8,90M;2,30%
19.02.2017;102,59;105,49;107,17;102,2;12,10M;-2,11%
12.02.2017;104,81;104,51;105,2;103,38;7,49M;0,47%
05.02.2017;104,31;101,36;104,66;99,69;9,84M;2,71%
29.01.2017;101,56;103,97;104,41;100,48;9,39M;-2,60%
22.01.2017;104,26;99,89;105,64;99,1;11,35M;3,37%
15.01.2017;100,87;99,54;101,21;98,04;9,39M;0,84%
08.01.2017;100,03;101,16;101,36;98,41;9,21M;-0,73%
01.01.2017;100,77;97,25;101,61;97,03;8,60M;3,30%
25.12.2016;97,55;97,16;97,55;96,49;4,79M;0,64%
18.12.2016;96,93;96,68;97,53;95,58;8,80M;0,95%
11.12.2016;96,02;93,25;96,74;92,52;18,12M;3,20%
04.12.2016;93,04;85,64;93,22;85,52;17,19M;8,48%
27.11.2016;85,76;87,18;87,99;84,66;13,09M;-1,86%
20.11.2016;87,39;90,04;90,18;86,56;11,22M;-2,91%
13.11.2016;90,01;92,71;93,48;88,08;19,22M;-2,60%
06.11.2016;92,41;87,18;93,24;86,6;15,13M;6,80%
30.10.2016;86,52;88,87;90,4;86,12;10,01M;-3,09%
23.10.2016;89,28;89,31;90,44;87,3;9,48M;0,43%
16.10.2016;88,89;88,59;89,64;87,88;9,20M;-0,23%
09.10.2016;89,1;88,57;89,78;86,79;8,69M;0,82%
02.10.2016;88,37;87,51;89,21;87,29;9,06M;0,41%
25.09.2016;88,01;89,61;89,75;84,7;12,80M;-2,24%
18.09.2016;90,03;89,68;92,22;89,36;12,08M;0,77%
11.09.2016;89,34;91,89;96,16;89,12;22,08M;-4,46%
04.09.2016;93,51;94,02;95,95;92,02;9,70M;0,09%
28.08.2016;93,42;95,02;95,94;91,97;7,67M;-2,13%
21.08.2016;95,46;94,51;96,18;92,89;6,97M;0,67%
14.08.2016;94,82;96,44;97,44;93,44;7,10M;-1,78%
07.08.2016;96,54;94,69;97,7;94,08;7,54M;2,33%
31.07.2016;94,35;96,04;96,04;91,78;8,58M;-0,36%
24.07.2016;94,69;90,8;94,97;90,4;10,07M;4,51%
17.07.2016;90,61;92,5;92,98;89,4;8,22M;-1,94%
10.07.2016;92,4;90,54;93,17;89,96;11,29M;3,27%
03.07.2016;89,47;89,29;90,01;85,98;9,06M;0,25%
26.06.2016;89,25;85,81;89,85;85,11;15,52M;3,48%
19.06.2016;86,25;88,08;93,46;83,65;17,60M;-0,50%
12.06.2016;86,68;85,59;88,04;85,12;16,47M;0,09%
05.06.2016;86,6;87,74;91;86,46;13,29M;-1,50%
29.05.2016;87,92;84,49;88,6;83,95;17,28M;4,70%
22.05.2016;83,97;85,47;88,27;82,12;32,33M;-4,70%
15.05.2016;88,12;95,46;96,15;85,53;21,64M;-6,86%
08.05.2016;94,61;96,64;100,13;92,34;15,43M;-1,67%
01.05.2016;96,21;97,43;98,9;95,08;12,40M;-2,96%
24.04.2016;99,15;108,69;110,22;99,1;14,30M;-8,66%
17.04.2016;108,55;102,64;109,38;102,54;9,24M;4,35%
10.04.2016;104,02;99,89;104,41;99,05;8,64M;3,88%
03.04.2016;100,13;99,44;101,8;97,91;10,53M;0,64%
27.03.2016;99,49;101,16;102,54;97,51;7,82M;-1,37%
20.03.2016;100,87;100,08;104,36;98,9;10,46M;3,26%
13.03.2016;97,68;97,62;99,25;95,97;18,99M;1,33%
06.03.2016;96,4;96,83;99,1;93,72;15,43M;-0,54%
28.02.2016;96,92;95,61;97,95;93,47;13,68M;0,67%
21.02.2016;96,27;96,85;98;89,63;16,85M;-0,20%
14.02.2016;96,47;95,67;98,19;93,12;13,01M;3,44%
07.02.2016;93,26;95,5;96;90,2;18,60M;-1,69%
31.01.2016;94,87;102,35;102,4;94,22;13,73M;-6,77%
24.01.2016;101,76;104,56;104,95;99,25;10,08M;-2,04%
17.01.2016;103,87;98,46;105,25;97,07;16,24M;4,92%
10.01.2016;99;101,36;105;98,02;16,81M;-3,18%
03.01.2016;102,25;111,5;111,5;102,2;14,91M;-10,28%
27.12.2015;113,96;114,35;116,12;113,27;3,15M;-0,26%
20.12.2015;114,25;114,06;116,27;111,01;5,11M;0,22%
13.12.2015;114,01;110,71;117,16;107,71;17,59M;3,35%
06.12.2015;110,32;115,14;117,94;108,5;13,08M;-3,74%
29.11.2015;114,6;123,75;125,23;112,83;12,69M;-7,43%
22.11.2015;123,8;124,49;124,98;119,72;7,33M;-0,32%
15.11.2015;124,19;116,76;125,08;116,52;8,20M;5,43%
08.11.2015;117,8;121,54;121,83;116,81;7,53M;-3,04%
01.11.2015;121,49;117,55;122,42;117,4;8,10M;1,73%
25.10.2015;119,42;114,79;119,42;113,42;9,87M;4,25%
18.10.2015;114,55;107,81;115,43;106,97;10,59M;5,87%
11.10.2015;108,2;109,83;110,02;105,49;10,76M;-1,26%
04.10.2015;109,58;113,37;115,39;108,79;12,14M;-1,59%
27.09.2015;111,35;114,75;115,43;109,04;11,15M;-3,00%
20.09.2015;114,79;114,2;117,4;110,27;13,34M;1,39%
13.09.2015;113,22;117,01;119,22;113,02;15,13M;-3,24%
06.09.2015;117,01;117,8;122,27;116,17;8,55M;1,02%
30.08.2015;115,83;118,04;121,73;113,71;11,34M;-3,13%
23.08.2015;119,57;111,69;120,75;105,1;21,15M;2,75%
16.08.2015;116,37;127,74;129,11;116,37;12,35M;-8,30%
09.08.2015;126,9;132,61;133,25;125,13;9,85M;-4,23%
02.08.2015;132,51;131,28;135,61;131,13;8,59M;0,26%
26.07.2015;132,16;128,42;134,77;125,32;11,56M;2,52%
19.07.2015;128,92;132,41;135,41;128,92;8,19M;-4,34%
12.07.2015;134,77;133,25;135,81;131,82;10,94M;3,16%
05.07.2015;130,64;120,75;130,84;119,12;14,68M;5,48%
28.06.2015;123,85;124,83;128,57;123,01;13,71M;-5,34%
21.06.2015;130,84;128,97;133,49;128,08;12,16M;4,11%
14.06.2015;125,67;123,06;128,03;120,06;16,34M;0,28%
07.06.2015;125,32;123,5;129,65;121,09;11,79M;0,83%
31.05.2015;124,29;127,93;129,56;123,65;9,59M;-2,21%
24.05.2015;127,1;135,02;136,3;127,1;10,47M;-5,80%
17.05.2015;134,92;128,67;135,81;127,98;8,85M;5,09%
10.05.2015;128,38;130,88;131,03;124,73;12,71M;-1,73%
03.05.2015;130,64;128,52;130,64;122,13;13,68M;2,20%
26.04.2015;127,83;133,74;136,2;124,49;10,99M;-4,00%
19.04.2015;133,15;132,07;136,99;131,38;9,99M;1,35%
12.04.2015;131,38;143,97;144,12;131,28;11,50M;-8,68%
05.04.2015;143,87;138,22;143,87;137,23;7,13M;5,33%
29.03.2015;136,59;137,67;140,77;136,44;7,87M;-0,26%
22.03.2015;136,94;140,82;141,17;132,07;10,44M;-3,33%
15.03.2015;141,66;139,94;143,53;138,71;15,01M;1,58%
08.03.2015;139,45;131,48;139,45;130,59;9,73M;6,03%
01.03.2015;131,52;130,15;132,36;127,78;9,01M;1,21%
22.02.2015;129,95;124,19;131,03;123,8;10,67M;6,06%
15.02.2015;122,52;124,54;124,73;121,58;10,42M;-1,54%
08.02.2015;124,44;122,13;125,87;118,78;11,35M;0,96%
01.02.2015;123,26;126,01;129,61;121,93;11,40M;-2,18%
25.01.2015;126,01;125,13;128,82;124,73;11,44M;-0,04%
